solicitud_id,estatus_id,estatus_desc,folio,empleado_registro_id,nombre_empleado_registro,departamento_id,departamento_desc,ubicacion_desc,empleado_activo,tipo_solicitud_id,tipo_solicitud_desc,descripcion,accion_correctiva,material_utilizado,fecha_registro,empleado_atendio_id,nombre_empleado_atendio,calidad,usuario,firma_valida,firma_tecnico_valida,programada,fecha_programada,created_at,updated_at
1,4,Cancelada,0001-51/2026,17,Lionello Kingdom,1,Finanzas,Edificio de Rectoria,f,2,Publicacion Web,lorem ipsum dolor sit amet consectetuer adipiscing elit proin interdum mauris non ligula,nunc rhoncus dui vel sem sed sagittis nam congue risus semper porta volutpat quam,nullam orci pede venenatis non sodales sed tincidunt eu felis fusce posuere felis sed lacus,2025-12-14 16:13:01,87,Patrizia Peaple,Muy Mala,Rosco Polsin,t,f,f,2025-11-17 16:48:24,2025-10-30 14:38:51,2025-12-27 03:09:27
3,5,En espera de conformidad,0003-93/2026,89,Peter Brydie,2,Informatica,Edificio Docente IV planta baja,f,2,Publicacion Web,in hac habitasse platea dictumst morbi vestibulum velit id pretium iaculis diam erat fermentum justo nec condimentum neque sapien placerat ante nulla justo aliquam quis,viverra dapibus nulla suscipit ligula in lacus curabitur at ipsum,eleifend donec ut dolor morbi vel lectus in quam fringilla rhoncus mauris enim leo rhoncus,2025-05-06 07:00:18,83,Stacy Penddreth,Muy Mala,Tiff Beyer,f,f,f,2026-01-24 22:41:50,2025-07-16 12:12:13,2025-08-01 22:29:42
4,0,Cerrada,0004-67/2026,16,Lyndell Kinnerk,2,Informatica,Edificio Docente IV planta baja,f,3,SIIGA,risus semper porta volutpat quam pede lobortis ligula sit amet eleifend pede libero quis orci nullam molestie,ante ipsum primis in faucibus orci luctus et ultrices,tincidunt nulla mollis molestie lorem quisque ut erat curabitur gravida nisi at nibh,2025-08-17 00:12:03,76,Kaitlyn McCarle,Muy Mala,Jerrold Flahy,t,f,f,2025-11-10 00:59:13,2025-10-08 05:51:18,2025-11-30 10:23:40
7,5,En espera de conformidad,0007-96/2026,97,Esme Riep,6,Deportes,Laboratorio 7C Idiomas,t,4,Dictamen Tecnico,pede lobortis ligula sit amet eleifend pede libero quis orci,adipiscing elit proin risus praesent lectus vestibulum quam sapien varius ut blandit non,vestibulum rutrum rutrum neque aenean auctor gravida sem praesent id massa,2025-05-08 21:17:41,63,Kelcy Robion,Mala,Carilyn Standbrook,t,t,t,2025-04-26 13:22:22,2026-01-30 07:19:33,2025-07-27 19:51:16
8,4,Cancelada,0008-56/2026,100,Xylia Harroll,1,Finanzas,Edificio de Rectoria,f,2,Publicacion Web,nulla ut erat id mauris vulputate elementum nullam varius nulla facilisi cras,sapien dignissim vestibulum vestibulum ante ipsum primis in faucibus orci luctus,erat tortor sollicitudin mi sit amet lobortis sapien sapien non mi integer ac,2025-06-10 12:50:05,74,Carita Guerrieri,Regular,Marlane Keepin,f,t,f,2026-01-02 13:50:02,2025-03-13 17:38:14,2025-09-17 08:22:56
9,1,Desconocido,0009-2/2026,97,Birgitta Janikowski,6,Deportes,Laboratorio 7C Idiomas,t,3,SIIGA,metus aenean fermentum donec ut mauris eget massa tempor convallis nulla neque libero convallis eget eleifend luctus ultricies,in felis donec semper sapien a libero nam dui proin leo odio porttitor id,mauris viverra diam vitae quam suspendisse potenti nullam porttitor lacus at turpis donec,2025-02-24 07:48:15,15,Harlie Gadault,Regular,Claire Isgate,t,t,t,2025-06-27 17:08:04,2025-08-30 17:47:03,2025-09-20 20:02:58
10,0,Cerrada,00010-39/2026,41,Guthrey Stanlack,1,Finanzas,Edificio de Rectoria,f,4,Dictamen Tecnico,amet eros suspendisse accumsan tortor quis turpis sed ante vivamus tortor duis mattis egestas metus aenean,purus eu magna vulputate luctus cum sociis natoque,arcu adipiscing molestie hendrerit at vulputate vitae nisl aenean lectus,2025-11-21 20:47:12,2,Nana Whitcombe,Regular,Giff Armour,f,t,f,2025-07-14 20:07:12,2025-02-24 09:41:46,2025-05-19 05:33:28
11,4,Cancelada,00011-72/2026,94,Joni Trowell,5,Escolares,Edificio de Rectoria,t,1,Soporte,adipiscing elit proin interdum mauris non ligula pellentesque ultrices phasellus id sapien in,quis tortor id nulla ultrices aliquet maecenas leo odio condimentum,consectetuer eget rutrum at lorem integer tincidunt ante vel ipsum praesent,2025-09-25 18:15:06,42,Maxy Aitken,Buena,Scarlett Parkhouse,t,t,t,2025-02-25 07:25:18,2025-02-02 03:35:42,2025-03-05 05:00:13
12,5,En espera de conformidad,00012-62/2026,81,Raynor Skipsea,6,Deportes,Laboratorio 7C Idiomas,t,1,Soporte,placerat praesent blandit nam nulla integer pede justo lacinia eget tincidunt eget tempus vel pede,proin risus praesent lectus vestibulum quam sapien varius ut,sed accumsan felis ut at dolor quis odio consequat varius integer ac leo pellentesque,2025-07-25 15:47:42,96,Zitella Bottjer,Muy Mala,Perice Yakutin,t,t,f,2025-06-19 20:12:55,2025-10-06 16:18:34,2025-12-16 03:55:21
14,5,En espera de conformidad,00014-12/2026,81,Fowler Vannuccinii,2,Informatica,Edificio Docente IV planta baja,t,2,Publicacion Web,etiam justo etiam pretium iaculis justo in hac habitasse platea dictumst,justo nec condimentum neque sapien placerat ante nulla justo,rhoncus dui vel sem sed sagittis nam congue risus semper porta volutpat quam pede lobortis,2026-01-19 09:11:50,74,Merline Gosselin,Buena,Gabbie Naile,t,t,f,2025-11-30 02:11:03,2025-06-22 05:54:35,2025-12-16 04:22:38
15,0,Cerrada,00015-22/2026,41,Kylynn Cockayne,6,Deportes,Laboratorio 7C Idiomas,t,1,Soporte,aenean auctor gravida sem praesent id massa id nisl venenatis lacinia aenean sit amet justo morbi ut odio cras mi pede malesuada in,vitae consectetuer eget rutrum at lorem,tristique est et tempus semper est quam pharetra magna ac consequat metus sapien ut nunc,2025-05-31 16:00:42,55,Corny Aldrin,Buena,Jordain Edgar,f,f,f,2026-01-03 11:50:20,2025-11-30 00:48:03,2025-07-16 22:02:08
2,3,Aceptada,0002-64/2026,91,Johannah McKibbin,6,Deportes,Laboratorio 7C Idiomas,f,2,Publicacion Web,vulputate ut ultrices vel augue vestibulum ante ipsum primis in faucibus orci luctus et ultrices posuere cubilia curae donec pharetra magna vestibulum aliquet ultrices erat tortor sollicitudin,rhoncus mauris enim leo rhoncus sed vestibulum sit amet cursus id turpis integer,ornare consequat lectus in est risus auctor sed tristique in tempus,2025-12-14 12:51:38,52,,Regular,Cynde Salway,f,f,f,2025-04-12 08:04:35,2025-03-13 10:34:51,2025-02-02 01:21:25
17,1,Desconocido,00017-90/2026,59,Lowrance Chappelle,1,Finanzas,Edificio de Rectoria,f,4,Dictamen Tecnico,eros vestibulum ac est lacinia nisi venenatis tristique fusce congue diam id ornare imperdiet sapien,duis faucibus accumsan odio curabitur convallis duis consequat dui,ut rhoncus aliquet pulvinar sed nisl nunc rhoncus dui vel sem sed,2025-12-22 06:48:08,46,Cosette Nutbeem,Regular,Terrie Grund,t,t,t,2025-11-12 11:20:45,2025-12-05 06:36:04,2025-12-13 13:36:14
19,0,Cerrada,00019-36/2026,8,Grata Burtonwood,4,Planeacion,Edificio de Rectoria,t,4,Dictamen Tecnico,maecenas pulvinar lobortis est phasellus sit amet erat nulla tempus vivamus in felis eu sapien cursus vestibulum proin eu mi nulla,donec pharetra magna vestibulum aliquet ultrices erat tortor,purus sit amet nulla quisque arcu libero rutrum ac lobortis vel,2025-04-01 13:57:45,43,Irvine Cail,Buena,Vonnie Leagas,t,f,f,2025-05-11 08:20:27,2025-12-24 12:02:58,2025-12-26 14:15:36
20,1,Desconocido,00020-74/2026,76,Claire Hugill,2,Informatica,Edificio Docente IV planta baja,t,3,SIIGA,nisi at nibh in hac habitasse platea dictumst aliquam augue quam sollicitudin vitae consectetuer eget rutrum at lorem integer tincidunt ante vel ipsum praesent,odio porttitor id consequat in consequat,sapien in sapien iaculis congue vivamus metus arcu adipiscing molestie hendrerit at vulputate,2025-04-03 02:03:57,24,Shayne Treslove,Mala,Hamnet De Gregorio,f,f,t,2025-12-14 13:25:06,2025-12-19 11:01:46,2025-09-19 00:29:10
21,4,Cancelada,00021-48/2026,42,Christean Jumel,6,Deportes,Laboratorio 7C Idiomas,t,4,Dictamen Tecnico,accumsan tortor quis turpis sed ante vivamus tortor duis mattis egestas metus aenean fermentum donec,luctus tincidunt nulla mollis molestie lorem quisque ut erat curabitur gravida,praesent lectus vestibulum quam sapien varius ut blandit non interdum in ante,2026-01-04 20:32:17,30,Micky Spata,Muy Mala,Stormi Sedworth,f,f,f,2025-09-09 15:07:10,2025-04-17 08:21:34,2025-07-16 00:01:40
22,1,Desconocido,00022-13/2026,60,Pren Townrow,4,Planeacion,Edificio de Rectoria,t,2,Publicacion Web,non velit nec nisi vulputate nonummy maecenas tincidunt lacus at velit vivamus vel nulla eget eros,non mauris morbi non lectus aliquam sit amet diam in magna,magnis dis parturient montes nascetur ridiculus mus vivamus vestibulum sagittis sapien cum sociis,2025-08-29 09:01:37,58,Yolande Fetherstone,Buena,Ivette Lokier,f,f,f,2025-04-02 01:54:21,2025-06-01 20:14:47,2025-11-25 04:43:57
24,0,Cerrada,00024-99/2026,18,Maurine Olczyk,4,Planeacion,Edificio de Rectoria,t,3,SIIGA,nulla ac enim in tempor turpis nec euismod scelerisque quam turpis adipiscing lorem vitae mattis nibh ligula,sapien arcu sed augue aliquam erat volutpat,blandit lacinia erat vestibulum sed magna at nunc commodo placerat praesent blandit nam nulla,2025-05-06 20:39:58,75,Candy Cominoli,Mala,Whitman Dubois,f,t,t,2025-05-15 21:39:27,2025-09-07 00:27:07,2025-03-08 02:25:14
25,0,Cerrada,00025-74/2026,32,Eleanore Sandry,5,Escolares,Edificio de Rectoria,f,4,Dictamen Tecnico,feugiat non pretium quis lectus suspendisse potenti in eleifend quam a odio in hac habitasse platea dictumst maecenas ut massa quis augue luctus tincidunt,nec molestie sed justo pellentesque,tempus semper est quam pharetra magna ac consequat metus sapien ut,2025-06-02 03:53:53,56,Tiphanie Kort,Regular,Mersey Elsip,f,t,f,2025-06-11 08:31:16,2025-04-19 00:15:54,2025-02-28 10:39:51
26,0,Cerrada,00026-83/2026,40,Giavani Auty,2,Informatica,Edificio Docente IV planta baja,f,4,Dictamen Tecnico,magna at nunc commodo placerat praesent blandit nam nulla integer pede justo lacinia eget tincidunt eget,sem mauris laoreet ut rhoncus aliquet pulvinar sed nisl nunc rhoncus dui vel,pede posuere nonummy integer non velit donec diam neque vestibulum eget vulputate ut ultrices vel,2025-09-15 01:37:51,45,Alleen Pentland,Mala,Lorraine Stelljes,f,t,t,2025-12-28 07:34:30,2025-08-10 04:48:50,2025-12-20 17:05:20
27,5,En espera de conformidad,00027-99/2026,40,Janie Rozenbaum,2,Informatica,Edificio Docente IV planta baja,t,3,SIIGA,pretium iaculis justo in hac habitasse platea dictumst etiam faucibus cursus urna ut tellus nulla ut erat id mauris vulputate elementum nullam varius nulla facilisi cras non velit,iaculis congue vivamus metus arcu,magna ac consequat metus sapien ut nunc vestibulum ante ipsum primis in faucibus orci,2025-11-08 05:52:29,96,Inga Pavy,Mala,Domenic Seneschal,t,t,t,2025-06-21 14:52:25,2025-06-30 21:02:24,2026-01-21 15:02:01
28,0,Cerrada,00028-45/2026,44,Clarisse De Lascy,4,Planeacion,Edificio de Rectoria,t,2,Publicacion Web,diam erat fermentum justo nec condimentum neque sapien placerat ante nulla justo aliquam quis turpis eget elit sodales,felis fusce posuere felis sed lacus morbi sem mauris laoreet ut rhoncus aliquet pulvinar sed,pellentesque at nulla suspendisse potenti cras in purus eu magna vulputate luctus cum sociis,2025-12-05 08:40:25,86,Hi Brooksbie,Excelente,Elliott Sagg,t,f,f,2025-06-10 21:17:30,2025-09-29 20:22:04,2025-05-25 22:51:24
29,5,En espera de conformidad,00029-49/2026,54,Quinta Longforth,5,Escolares,Edificio de Rectoria,f,1,Soporte,curae donec pharetra magna vestibulum aliquet ultrices erat tortor sollicitudin mi sit amet lobortis sapien sapien,quis odio consequat varius integer ac leo,at velit vivamus vel nulla eget eros elementum pellentesque quisque porta volutpat,2025-12-18 05:58:08,73,Vivia Martschik,Muy Mala,Aileen Foxcroft,t,f,f,2025-05-06 22:32:05,2025-07-03 18:53:34,2025-07-25 00:49:33
31,4,Cancelada,00031-40/2026,2,Zahara Reeves,3,Recursos Humanos,Edificio de Rectoria,t,4,Dictamen Tecnico,duis at velit eu est congue elementum in hac habitasse platea dictumst morbi vestibulum velit,felis fusce posuere felis sed lacus,ultrices aliquet maecenas leo odio condimentum id luctus nec molestie sed justo pellentesque,2025-08-23 03:17:00,16,Sven Timby,Muy Mala,Glenna Lyston,t,t,t,2025-05-01 02:52:20,2025-02-17 00:09:43,2025-03-14 12:47:21
18,1,Desconocido,00018-60/2026,40,Norris Aplin,5,Escolares,Edificio de Rectoria,t,3,SIIGA,iaculis diam erat fermentum justo nec condimentum neque sapien placerat ante nulla justo aliquam quis turpis eget elit,nibh fusce lacus purus aliquet at feugiat non pretium quis lectus suspendisse potenti in,libero ut massa volutpat convallis morbi odio odio elementum eu interdum eu tincidunt in leo,2025-05-05 08:30:28,2,Izak Dener,Muy Mala,Ruprecht Goss,t,f,t,2025-09-20 06:58:50,2025-02-17 14:50:56,2025-12-10 09:15:04
33,1,Desconocido,00033-5/2026,70,Doreen Oldrey,4,Planeacion,Edificio de Rectoria,f,4,Dictamen Tecnico,at velit vivamus vel nulla eget eros elementum pellentesque quisque porta volutpat,est risus auctor sed tristique in tempus sit,nisi at nibh in hac habitasse platea dictumst aliquam augue quam sollicitudin vitae,2025-04-23 04:27:00,50,Clovis Gravenor,Excelente,Bowie Pohls,t,f,f,2025-04-24 07:05:54,2025-11-28 16:04:37,2025-05-12 15:48:09
34,0,Cerrada,00034-70/2026,40,Hortense Bridewell,2,Informatica,Edificio Docente IV planta baja,f,3,SIIGA,ipsum primis in faucibus orci luctus et ultrices posuere cubilia curae mauris viverra diam vitae quam suspendisse potenti nullam porttitor lacus at turpis donec posuere metus vitae ipsum aliquam non,curae mauris viverra diam vitae quam suspendisse potenti nullam porttitor lacus at turpis,dis parturient montes nascetur ridiculus mus vivamus vestibulum sagittis sapien cum sociis natoque penatibus et,2025-05-24 18:11:26,90,Ryan Belliss,Regular,Flynn Longson,t,t,f,2025-12-13 11:54:42,2025-08-08 16:20:45,2025-05-15 18:04:55
35,0,Cerrada,00035-88/2026,10,Herminia Wheatley,4,Planeacion,Edificio de Rectoria,f,2,Publicacion Web,viverra dapibus nulla suscipit ligula in lacus curabitur at ipsum ac,eu interdum eu tincidunt in leo maecenas pulvinar lobortis,in faucibus orci luctus et ultrices posuere cubilia curae donec pharetra,2025-04-15 04:00:18,34,Felice Gribben,Mala,Wheeler Spurdens,t,t,t,2025-11-20 17:34:28,2025-10-19 05:19:34,2025-12-07 11:08:43
36,1,Desconocido,00036-44/2026,48,Dwain Muselli,4,Planeacion,Edificio de Rectoria,t,2,Publicacion Web,sit amet consectetuer adipiscing elit proin interdum mauris non ligula pellentesque ultrices phasellus id sapien in,leo odio condimentum id luctus nec molestie sed justo pellentesque viverra pede ac diam,dolor quis odio consequat varius integer ac leo pellentesque ultrices mattis odio donec vitae,2025-04-13 08:38:55,24,Bobette Bendin,Regular,Tomi Donet,f,t,t,2026-01-06 05:50:26,2026-01-12 02:39:38,2025-11-01 13:24:42
37,1,Desconocido,00037-31/2026,50,Elisa Klais,3,Recursos Humanos,Edificio de Rectoria,t,3,SIIGA,duis ac nibh fusce lacus purus aliquet at feugiat non pretium quis lectus suspendisse potenti in eleifend,faucibus accumsan odio curabitur convallis duis consequat dui nec nisi,consequat metus sapien ut nunc vestibulum ante ipsum primis in,2025-06-14 21:34:25,23,Esmeralda Le Gall,Muy Mala,Beaufort Akroyd,t,f,f,2025-09-27 06:25:25,2025-02-10 06:06:00,2025-03-25 10:51:36
38,0,Cerrada,00038-44/2026,5,Kalvin Charnley,1,Finanzas,Edificio de Rectoria,t,1,Soporte,quis orci eget orci vehicula condimentum curabitur in libero ut massa volutpat,quam pede lobortis ligula sit amet,pretium iaculis justo in hac habitasse platea dictumst etiam faucibus cursus urna ut tellus,2025-05-28 15:36:24,59,Ervin Grzes,Regular,Demetra Zoppo,t,t,f,2026-01-14 09:34:10,2025-07-17 07:52:22,2025-12-15 11:21:28
39,5,En espera de conformidad,00039-33/2026,64,Jamill Caldwall,6,Deportes,Laboratorio 7C Idiomas,t,4,Dictamen Tecnico,in leo maecenas pulvinar lobortis est phasellus sit amet erat nulla tempus vivamus in felis eu sapien cursus vestibulum proin eu,quis justo maecenas rhoncus aliquam lacus morbi quis,quam sapien varius ut blandit non interdum in ante vestibulum ante ipsum primis,2025-08-13 18:57:49,14,Alexandra Carwithen,Mala,Arly Flaxon,f,t,f,2025-03-29 19:36:50,2025-09-30 12:38:15,2025-12-11 18:50:56
40,4,Cancelada,00040-43/2026,23,Ty Tiddeman,4,Planeacion,Edificio de Rectoria,f,3,SIIGA,arcu adipiscing molestie hendrerit at vulputate vitae nisl aenean lectus pellentesque eget nunc donec quis orci,fringilla rhoncus mauris enim leo rhoncus sed vestibulum,at velit vivamus vel nulla eget eros elementum pellentesque quisque porta,2026-01-12 00:19:06,23,Joeann Aleksidze,Regular,Marnie Hadwick,f,f,t,2025-10-11 14:56:55,2026-01-17 16:06:53,2025-02-03 07:58:13
41,0,Cerrada,00041-11/2026,11,Harman Riddall,5,Escolares,Edificio de Rectoria,f,4,Dictamen Tecnico,pede justo lacinia eget tincidunt eget tempus vel pede morbi porttitor lorem id ligula suspendisse ornare consequat lectus in est risus auctor sed tristique in tempus sit amet,sed nisl nunc rhoncus dui vel sem sed,sed vestibulum sit amet cursus id turpis integer aliquet massa id lobortis convallis tortor risus,2025-10-03 02:19:57,42,Rae Vesque,Mala,Alvinia MacDougall,t,f,f,2025-08-09 22:09:58,2025-08-08 08:24:22,2025-03-04 22:06:24
43,1,Desconocido,00043-72/2026,95,Tonie Waldie,4,Planeacion,Edificio de Rectoria,t,3,SIIGA,platea dictumst morbi vestibulum velit id pretium iaculis diam erat fermentum justo nec condimentum neque sapien placerat ante nulla justo aliquam,volutpat erat quisque erat eros viverra eget congue eget semper rutrum,velit nec nisi vulputate nonummy maecenas tincidunt lacus at velit vivamus,2025-10-22 07:41:29,60,Rickie Sugden,Regular,Harriett Gainforth,f,t,f,2025-02-11 10:23:57,2025-09-20 11:09:48,2025-07-22 01:58:33
44,1,Desconocido,00044-67/2026,7,Kipper Carvell,4,Planeacion,Edificio de Rectoria,f,3,SIIGA,ultrices erat tortor sollicitudin mi sit amet lobortis sapien sapien non mi integer ac neque duis bibendum morbi non quam nec dui luctus rutrum nulla tellus in,lacinia erat vestibulum sed magna at nunc commodo placerat praesent blandit nam,in purus eu magna vulputate luctus cum sociis natoque penatibus et magnis dis parturient,2025-11-23 21:24:10,97,Hammad McFetridge,Muy Mala,Mackenzie Langstone,t,t,f,2025-02-04 18:41:52,2026-01-28 13:56:33,2025-08-16 01:06:07
48,1,Desconocido,00048-87/2026,45,Danny Nesbitt,5,Escolares,Edificio de Rectoria,f,3,SIIGA,tempus vivamus in felis eu sapien cursus vestibulum proin eu mi nulla ac enim in tempor turpis nec euismod scelerisque,quis turpis eget elit sodales scelerisque mauris sit amet eros suspendisse accumsan,semper interdum mauris ullamcorper purus sit amet nulla quisque arcu,2025-05-06 15:18:58,60,Krissy MacIlriach,Excelente,Courtenay Swainsbury,f,f,t,2025-10-12 09:55:27,2025-09-22 01:49:43,2025-02-13 01:19:51
45,3,Aceptada,00045-62/2026,31,Staford Castanaga,3,Recursos Humanos,Edificio de Rectoria,f,4,Dictamen Tecnico,erat eros viverra eget congue eget semper rutrum nulla nunc purus phasellus in felis donec semper sapien a libero,lectus pellentesque at nulla suspendisse potenti cras,ut erat curabitur gravida nisi at nibh in hac habitasse platea dictumst,2025-08-26 18:10:07,2,,Muy Mala,Sheri Gatling,t,t,t,2025-04-29 17:52:13,2025-03-08 13:35:41,2025-07-13 05:37:04
49,4,Cancelada,00049-99/2026,15,Olvan Holtum,5,Escolares,Edificio de Rectoria,f,1,Soporte,consequat dui nec nisi volutpat eleifend donec ut dolor morbi vel,donec semper sapien a libero nam dui proin leo odio porttitor id consequat in,id sapien in sapien iaculis congue vivamus metus arcu adipiscing molestie hendrerit at vulputate,2025-04-07 04:45:41,35,Trent Malbon,Muy Mala,Delly Beasant,t,t,f,2025-06-07 11:24:29,2025-10-24 20:34:50,2025-02-20 14:09:19
50,5,En espera de conformidad,00050-4/2026,43,Alexia Hakeworth,6,Deportes,Laboratorio 7C Idiomas,f,2,Publicacion Web,ultrices mattis odio donec vitae nisi nam ultrices libero non mattis pulvinar nulla pede ullamcorper augue a suscipit nulla elit ac nulla sed vel enim sit amet,consequat nulla nisl nunc nisl duis bibendum felis sed interdum,pharetra magna ac consequat metus sapien ut nunc vestibulum ante,2025-10-28 18:13:50,92,Helga Eye,Regular,Langston Radborn,f,t,t,2025-10-27 00:40:25,2025-05-20 09:43:44,2025-12-11 14:46:21
51,0,Cerrada,00051-44/2026,28,Elisha MacAdie,1,Finanzas,Edificio de Rectoria,t,4,Dictamen Tecnico,purus phasellus in felis donec semper sapien a libero nam dui proin leo odio porttitor id consequat in consequat ut nulla sed accumsan felis,hendrerit at vulputate vitae nisl aenean lectus pellentesque,a feugiat et eros vestibulum ac est lacinia nisi venenatis tristique,2025-07-17 12:14:44,49,Kirby Prettyjohns,Buena,Amy Makey,f,f,f,2025-11-23 15:12:27,2025-08-22 04:05:27,2025-04-21 22:06:30
52,5,En espera de conformidad,00052-12/2026,42,Garry Seakes,1,Finanzas,Edificio de Rectoria,t,3,SIIGA,ut rhoncus aliquet pulvinar sed nisl nunc rhoncus dui vel sem sed sagittis nam congue risus semper porta volutpat quam pede lobortis ligula sit amet eleifend pede,in faucibus orci luctus et ultrices posuere cubilia curae mauris viverra diam vitae quam suspendisse,maecenas ut massa quis augue luctus tincidunt nulla mollis molestie,2025-10-21 21:06:49,57,Nial Maskew,Mala,Arluene Evemy,f,f,f,2026-01-30 04:48:51,2025-07-25 01:31:13,2025-06-08 04:22:14
53,4,Cancelada,00053-85/2026,34,Letisha Sneddon,4,Planeacion,Edificio de Rectoria,f,4,Dictamen Tecnico,nibh quisque id justo sit amet sapien dignissim vestibulum vestibulum ante ipsum primis in faucibus orci luctus et,orci nullam molestie nibh in lectus pellentesque at nulla suspendisse potenti cras,sed tincidunt eu felis fusce posuere felis sed lacus morbi sem,2025-06-26 17:31:04,3,Jan Divisek,Buena,Riley Reder,t,t,t,2025-05-24 02:58:52,2025-12-03 22:00:03,2025-10-31 01:00:24
55,1,Desconocido,00055-23/2026,42,Ki Matthai,4,Planeacion,Edificio de Rectoria,t,2,Publicacion Web,id pretium iaculis diam erat fermentum justo nec condimentum neque sapien,ut rhoncus aliquet pulvinar sed nisl nunc rhoncus dui vel sem sed,suscipit a feugiat et eros vestibulum ac est lacinia nisi venenatis tristique fusce congue diam,2026-01-07 15:52:35,20,Jenilee Pouton,Regular,Bridie Edmunds,f,t,f,2025-05-21 05:51:09,2025-09-18 04:13:52,2025-04-10 21:08:34
56,5,En espera de conformidad,00056-71/2026,83,Mikael Russilll,6,Deportes,Laboratorio 7C Idiomas,f,2,Publicacion Web,duis aliquam convallis nunc proin at turpis a pede posuere nonummy integer non velit donec diam neque vestibulum eget vulputate ut ultrices vel augue vestibulum,ut ultrices vel augue vestibulum ante ipsum primis in,consectetuer adipiscing elit proin risus praesent lectus vestibulum quam sapien,2025-02-04 21:14:36,33,Filide Embery,Excelente,Harland Bulfoot,f,t,f,2025-03-24 03:19:15,2025-11-27 21:31:23,2025-09-06 02:43:19
57,1,Desconocido,00057-26/2026,88,Washington Papis,4,Planeacion,Edificio de Rectoria,t,1,Soporte,orci mauris lacinia sapien quis libero nullam sit amet turpis elementum ligula vehicula consequat morbi a,sociis natoque penatibus et magnis dis parturient montes nascetur ridiculus,libero convallis eget eleifend luctus ultricies eu nibh quisque id justo sit amet sapien,2025-06-13 16:27:59,51,Marius Bagehot,Buena,Ruttger Richarz,f,t,f,2025-03-20 23:07:38,2025-12-01 12:48:07,2025-09-21 10:44:19
58,1,Desconocido,00058-58/2026,31,Benito Tanzig,5,Escolares,Edificio de Rectoria,t,1,Soporte,congue diam id ornare imperdiet sapien urna pretium nisl ut volutpat sapien arcu sed augue aliquam erat volutpat in congue etiam justo etiam pretium iaculis justo in,rutrum neque aenean auctor gravida sem praesent id massa id nisl,non interdum in ante vestibulum ante ipsum primis in faucibus,2025-09-16 08:29:21,3,Dale Rapper,Excelente,Northrop Dilrew,f,t,t,2025-07-10 15:19:34,2025-05-05 16:40:54,2025-02-04 20:58:33
59,4,Cancelada,00059-95/2026,98,Bartel Orritt,5,Escolares,Edificio de Rectoria,t,1,Soporte,id luctus nec molestie sed justo pellentesque viverra pede ac diam,nam dui proin leo odio porttitor,justo eu massa donec dapibus duis at velit eu est congue elementum in hac habitasse,2025-06-26 04:50:55,16,Chantalle Tappington,Buena,Sterling Offill,f,t,f,2025-10-29 02:53:02,2025-12-12 10:27:32,2025-11-01 09:28:02
61,5,En espera de conformidad,00061-65/2026,34,Buck Izzett,1,Finanzas,Edificio de Rectoria,f,3,SIIGA,dictumst morbi vestibulum velit id pretium iaculis diam erat fermentum justo nec condimentum neque sapien placerat ante nulla justo aliquam quis turpis eget,vestibulum eget vulputate ut ultrices,fusce posuere felis sed lacus morbi sem mauris laoreet ut rhoncus aliquet pulvinar sed nisl,2026-01-28 02:09:54,46,Allayne Tures,Buena,Orelle Witchell,f,t,t,2025-09-23 03:18:45,2025-12-06 13:16:13,2025-10-28 04:04:00
62,5,En espera de conformidad,00062-41/2026,40,Nikki Farrans,5,Escolares,Edificio de Rectoria,t,1,Soporte,erat id mauris vulputate elementum nullam varius nulla facilisi cras non velit nec nisi vulputate nonummy maecenas tincidunt lacus at velit vivamus vel nulla eget eros elementum pellentesque quisque porta,eleifend pede libero quis orci nullam molestie nibh in lectus pellentesque at nulla suspendisse potenti,nunc viverra dapibus nulla suscipit ligula in lacus curabitur at ipsum ac tellus semper,2025-03-11 08:55:21,19,Alicia Finder,Excelente,Saunderson Tolson,t,t,f,2025-09-24 08:52:27,2025-10-09 13:32:50,2026-01-07 12:05:54
63,4,Cancelada,00063-9/2026,53,Julita Bydaway,6,Deportes,Laboratorio 7C Idiomas,t,1,Soporte,morbi vel lectus in quam fringilla rhoncus mauris enim leo rhoncus sed vestibulum sit amet cursus id turpis integer aliquet massa id lobortis convallis tortor risus dapibus,orci mauris lacinia sapien quis libero nullam sit amet turpis elementum,non velit nec nisi vulputate nonummy maecenas tincidunt lacus at velit,2025-12-13 00:53:43,10,Francene Moulton,Regular,Dionisio Dewis,f,f,f,2025-02-19 05:49:24,2025-04-07 19:18:41,2025-02-01 23:12:32
64,0,Cerrada,00064-65/2026,58,Ania Clyma,6,Deportes,Laboratorio 7C Idiomas,f,1,Soporte,semper sapien a libero nam dui proin leo odio porttitor id consequat in consequat ut nulla sed accumsan felis ut at dolor quis odio consequat varius,lorem vitae mattis nibh ligula nec sem duis aliquam convallis nunc proin at,semper porta volutpat quam pede lobortis ligula sit amet eleifend pede libero,2025-12-25 15:35:05,72,Myer Borkett,Mala,Janina Zuann,f,f,t,2025-05-29 21:44:09,2025-10-02 01:56:38,2025-08-18 00:18:38
65,5,En espera de conformidad,00065-13/2026,87,Collie Bartle,6,Deportes,Laboratorio 7C Idiomas,t,2,Publicacion Web,duis bibendum morbi non quam nec dui luctus rutrum nulla tellus in sagittis dui vel nisl duis ac nibh fusce lacus purus,tempus sit amet sem fusce consequat nulla nisl nunc nisl duis bibendum felis,consequat lectus in est risus auctor sed tristique in tempus sit amet,2025-03-24 04:46:08,59,Carroll Tallon,Mala,Odey Prothero,f,f,t,2025-03-28 09:42:25,2025-09-12 10:06:17,2025-07-28 13:25:34
66,0,Cerrada,00066-61/2026,39,Cristi Goeff,5,Escolares,Edificio de Rectoria,f,4,Dictamen Tecnico,vestibulum ante ipsum primis in faucibus orci luctus et ultrices posuere cubilia curae mauris viverra diam vitae quam suspendisse potenti nullam porttitor lacus at turpis donec posuere metus vitae ipsum,curae duis faucibus accumsan odio curabitur convallis duis,vestibulum velit id pretium iaculis diam erat fermentum justo nec condimentum neque sapien placerat,2025-02-02 06:30:32,8,Roze Westwood,Regular,Corrie Eakeley,t,t,f,2026-01-20 05:31:53,2025-02-20 08:02:11,2025-06-19 01:32:39
69,4,Cancelada,00069-55/2026,25,Karlee Pitchford,4,Planeacion,Edificio de Rectoria,f,4,Dictamen Tecnico,nullam porttitor lacus at turpis donec posuere metus vitae ipsum aliquam non mauris morbi non lectus aliquam sit amet diam in,nulla nisl nunc nisl duis bibendum felis sed interdum venenatis turpis,nisl aenean lectus pellentesque eget nunc donec quis orci eget orci,2025-09-07 05:33:07,16,Kenna Duplock,Regular,Kris Pairpoint,t,t,f,2025-05-07 23:07:54,2025-05-22 19:02:42,2025-02-03 06:10:11
70,4,Cancelada,00070-48/2026,72,Kalindi Tarrier,5,Escolares,Edificio de Rectoria,t,1,Soporte,sed tincidunt eu felis fusce posuere felis sed lacus morbi sem mauris,pede libero quis orci nullam molestie nibh in lectus pellentesque at nulla suspendisse potenti,et ultrices posuere cubilia curae donec pharetra magna vestibulum aliquet ultrices erat tortor sollicitudin,2025-02-22 14:57:50,81,Lorant Pencott,Excelente,Matthus Walliker,f,f,f,2025-04-02 10:42:41,2025-10-02 17:04:07,2026-01-15 22:48:47
71,0,Cerrada,00071-94/2026,74,Sammy Bengal,6,Deportes,Laboratorio 7C Idiomas,f,3,SIIGA,at velit eu est congue elementum in hac habitasse platea dictumst morbi vestibulum velit id pretium iaculis diam,nisi vulputate nonummy maecenas tincidunt lacus at velit vivamus vel nulla eget eros elementum pellentesque,magna ac consequat metus sapien ut nunc vestibulum ante ipsum primis in,2025-08-16 13:30:39,69,Brennen Armstead,Buena,Bram Pitkin,f,f,f,2025-08-28 09:52:39,2025-02-14 11:18:01,2025-12-05 10:54:39
74,0,Cerrada,00074-29/2026,62,Eartha Blaver,4,Planeacion,Edificio de Rectoria,f,1,Soporte,lectus vestibulum quam sapien varius ut blandit non interdum in ante vestibulum ante ipsum primis in faucibus orci luctus et,pellentesque volutpat dui maecenas tristique est et,vestibulum ante ipsum primis in faucibus orci luctus et ultrices posuere cubilia curae donec pharetra,2025-12-08 09:48:28,79,Gretal Ernshaw,Excelente,Calla Symington,f,t,f,2025-10-10 09:57:25,2025-04-17 19:33:40,2025-05-15 11:16:54
76,4,Cancelada,00076-45/2026,88,Annaliese Squibbs,6,Deportes,Laboratorio 7C Idiomas,t,3,SIIGA,odio consequat varius integer ac leo pellentesque ultrices mattis odio donec vitae nisi nam ultrices libero non mattis pulvinar nulla,sem praesent id massa id nisl,justo sit amet sapien dignissim vestibulum vestibulum ante ipsum primis,2025-11-23 05:47:54,5,Alika Crilly,Mala,Chickie Fullstone,t,f,t,2025-10-20 14:14:28,2025-10-14 10:14:04,2025-09-20 06:13:42
95,0,Cerrada,00095-76/2026,68,Lucho Gregersen,3,Recursos Humanos,Edificio de Rectoria,t,1,Soporte,at nibh in hac habitasse platea dictumst aliquam augue quam sollicitudin vitae,rutrum nulla nunc purus phasellus,justo sit amet sapien dignissim vestibulum vestibulum ante ipsum primis in,2026-01-02 19:04:22,31,Fredia Evens,Regular,Kippy Valois,f,t,f,2025-04-06 20:54:03,2025-09-02 17:46:07,2025-05-12 14:41:28
72,3,Aceptada,00072-94/2026,66,Simonne Attyeo,4,Planeacion,Edificio de Rectoria,f,3,SIIGA,nibh quisque id justo sit amet sapien dignissim vestibulum vestibulum ante ipsum primis in faucibus orci luctus et ultrices posuere cubilia curae nulla dapibus dolor vel est,turpis nec euismod scelerisque quam turpis adipiscing lorem vitae mattis nibh ligula,sollicitudin vitae consectetuer eget rutrum at lorem integer tincidunt ante vel ipsum praesent blandit,2025-05-12 00:57:36,48,,Mala,Rosemary Snoxall,f,f,t,2025-07-01 08:46:54,2025-08-10 14:36:49,2025-10-14 00:35:23
67,3,Aceptada,00067-89/2026,92,May Grierson,6,Deportes,Laboratorio 7C Idiomas,t,4,Dictamen Tecnico,et ultrices posuere cubilia curae duis faucibus accumsan odio curabitur convallis duis consequat dui nec nisi volutpat eleifend donec ut dolor,pharetra magna ac consequat metus sapien ut nunc vestibulum ante ipsum primis in,primis in faucibus orci luctus et ultrices posuere cubilia curae duis faucibus accumsan odio curabitur,2025-06-09 08:17:21,2,,Excelente,Amity Roizn,t,f,f,2025-11-02 03:33:19,2025-10-07 06:31:49,2025-03-28 22:55:03
80,0,Cerrada,00080-12/2026,15,Read Blowfield,6,Deportes,Laboratorio 7C Idiomas,t,2,Publicacion Web,integer non velit donec diam neque vestibulum eget vulputate ut ultrices vel augue vestibulum ante ipsum primis in faucibus orci luctus et ultrices posuere cubilia curae donec pharetra magna vestibulum,parturient montes nascetur ridiculus mus etiam vel,at nulla suspendisse potenti cras in purus eu magna vulputate luctus cum sociis,2025-03-16 00:16:05,100,Kane Laughlan,Buena,Cornelle Huckin,f,f,f,2025-04-13 22:06:07,2025-03-14 06:30:50,2025-02-18 00:58:19
82,0,Cerrada,00082-72/2026,24,Malina Dewen,6,Deportes,Laboratorio 7C Idiomas,f,3,SIIGA,vestibulum ante ipsum primis in faucibus orci luctus et ultrices posuere cubilia curae nulla dapibus dolor vel est donec odio justo sollicitudin ut suscipit a feugiat,eleifend luctus ultricies eu nibh quisque id justo sit amet sapien,in hac habitasse platea dictumst maecenas ut massa quis augue luctus tincidunt nulla mollis molestie,2025-02-15 22:58:18,15,Agatha Jenman,Regular,Terri-jo Ruddock,t,t,t,2026-01-11 00:55:05,2025-08-31 23:53:56,2025-12-12 19:47:14
83,1,Desconocido,00083-24/2026,67,Callida Barkess,5,Escolares,Edificio de Rectoria,f,2,Publicacion Web,vestibulum ante ipsum primis in faucibus orci luctus et ultrices posuere cubilia curae donec pharetra magna vestibulum aliquet ultrices erat tortor sollicitudin mi sit,nibh in hac habitasse platea,duis bibendum felis sed interdum venenatis turpis enim blandit mi in porttitor pede justo eu,2025-10-13 08:40:04,22,Vinni Rains,Regular,Nikos McGilben,t,f,f,2025-09-08 20:58:19,2026-01-08 05:38:59,2025-07-19 22:32:43
84,4,Cancelada,00084-40/2026,49,Boothe Allabush,5,Escolares,Edificio de Rectoria,f,1,Soporte,pretium iaculis diam erat fermentum justo nec condimentum neque sapien placerat ante nulla justo aliquam quis turpis eget elit sodales scelerisque mauris sit amet,pede morbi porttitor lorem id ligula suspendisse ornare consequat lectus in est risus,donec dapibus duis at velit eu est congue elementum in,2026-01-25 01:12:46,82,Deloris Fryman,Muy Mala,Nevil Shenton,f,f,t,2025-08-09 22:53:26,2025-07-19 18:11:48,2025-04-25 20:16:50
85,5,En espera de conformidad,00085-6/2026,15,Aubine Urquhart,4,Planeacion,Edificio de Rectoria,t,4,Dictamen Tecnico,molestie sed justo pellentesque viverra pede ac diam cras pellentesque volutpat dui maecenas tristique,molestie sed justo pellentesque viverra pede ac diam cras pellentesque volutpat dui maecenas tristique est,nec dui luctus rutrum nulla tellus in sagittis dui vel nisl duis ac nibh fusce,2025-10-28 01:58:56,48,Karel Doerr,Regular,Grace Thornber,t,f,t,2025-07-22 06:17:11,2025-08-07 15:44:59,2025-02-14 02:18:21
86,1,Desconocido,00086-87/2026,31,Willa Wickett,4,Planeacion,Edificio de Rectoria,f,2,Publicacion Web,vel sem sed sagittis nam congue risus semper porta volutpat quam pede lobortis ligula sit amet eleifend pede libero quis orci nullam molestie nibh in lectus pellentesque at nulla,rutrum at lorem integer tincidunt ante vel,in sapien iaculis congue vivamus metus arcu adipiscing molestie hendrerit at,2025-08-22 19:24:59,98,Sandie Caspell,Excelente,Cassi Yerrell,f,t,f,2025-04-18 03:42:25,2025-02-05 20:13:05,2025-09-29 20:22:57
89,5,En espera de conformidad,00089-84/2026,9,Charline Mandrey,2,Informatica,Edificio Docente IV planta baja,f,2,Publicacion Web,pellentesque volutpat dui maecenas tristique est et tempus semper est quam pharetra magna ac consequat metus sapien ut nunc vestibulum ante ipsum,mus vivamus vestibulum sagittis sapien,risus praesent lectus vestibulum quam sapien varius ut blandit non interdum in ante,2025-05-02 09:24:17,78,Winfred Royste,Muy Mala,Gifford Connock,f,f,t,2025-05-15 19:29:34,2025-11-09 09:06:02,2025-02-12 22:18:08
90,5,En espera de conformidad,00090-72/2026,61,Addi Northage,2,Informatica,Edificio Docente IV planta baja,t,4,Dictamen Tecnico,purus aliquet at feugiat non pretium quis lectus suspendisse potenti in eleifend,purus eu magna vulputate luctus cum sociis natoque penatibus et magnis dis parturient montes nascetur,ultrices mattis odio donec vitae nisi nam ultrices libero non mattis pulvinar nulla pede,2025-10-29 17:23:03,69,Etta Tracey,Mala,Bil Limeburner,t,f,t,2025-12-10 11:10:36,2025-11-04 22:35:37,2025-08-27 19:11:32
92,0,Cerrada,00092-38/2026,13,Thatcher Foulgham,3,Recursos Humanos,Edificio de Rectoria,t,2,Publicacion Web,posuere cubilia curae duis faucibus accumsan odio curabitur convallis duis,mauris eget massa tempor convallis nulla neque libero convallis eget eleifend luctus ultricies eu,blandit nam nulla integer pede justo lacinia eget tincidunt eget,2025-09-24 13:50:28,99,Sullivan Bolderson,Excelente,Reggis Antonowicz,f,f,f,2025-03-25 01:06:23,2025-02-01 21:22:55,2025-04-16 17:34:56
94,5,En espera de conformidad,00094-16/2026,14,Flossie Fowler,2,Informatica,Edificio Docente IV planta baja,f,2,Publicacion Web,vel ipsum praesent blandit lacinia erat vestibulum sed magna at nunc commodo placerat praesent blandit nam nulla integer pede justo lacinia,nulla ut erat id mauris vulputate elementum nullam varius nulla,lacinia nisi venenatis tristique fusce congue diam id ornare imperdiet sapien urna pretium,2025-07-29 18:59:28,51,Jackqueline Shatford,Buena,Doralynne Cuckson,t,f,f,2025-12-02 12:25:52,2025-07-22 12:37:18,2025-07-29 10:43:40
81,1,Desconocido,00081-26/2026,98,Chick Beekman,1,Finanzas,Edificio de Rectoria,f,3,SIIGA,vestibulum aliquet ultrices erat tortor sollicitudin mi sit amet lobortis sapien sapien non mi integer ac neque duis bibendum morbi non quam nec dui luctus rutrum nulla tellus,duis faucibus accumsan odio curabitur convallis duis consequat dui nec nisi volutpat eleifend donec ut,in sagittis dui vel nisl duis ac nibh fusce lacus purus aliquet at,2025-07-12 16:28:27,2,Gerard Jardein,Excelente,Boycie Rising,f,t,f,2025-06-16 18:32:04,2025-07-22 13:54:55,2025-08-19 02:13:45
91,3,Aceptada,00091-78/2026,30,Tomlin Keitley,4,Planeacion,Edificio de Rectoria,t,3,SIIGA,tincidunt nulla mollis molestie lorem quisque ut erat curabitur gravida,potenti cras in purus eu magna vulputate luctus cum sociis natoque penatibus et magnis dis,nulla quisque arcu libero rutrum ac lobortis vel dapibus at diam,2025-02-09 18:20:15,82,,Mala,Zachery Domnin,t,t,f,2025-08-25 21:41:16,2025-09-22 21:41:40,2025-10-01 07:21:36
93,3,Aceptada,00093-69/2026,5,Orlando Prigmore,2,Informatica,Edificio Docente IV planta baja,t,3,SIIGA,aliquam non mauris morbi non lectus aliquam sit amet diam in magna bibendum imperdiet nullam orci pede venenatis non sodales sed tincidunt,dignissim vestibulum vestibulum ante ipsum,eget semper rutrum nulla nunc purus phasellus in felis donec,2025-07-04 13:41:31,55,,Excelente,Melvyn Hoyer,t,f,f,2025-06-08 01:21:51,2025-04-13 05:13:51,2026-01-15 06:12:25
96,1,Desconocido,00096-85/2026,99,Ludwig Summerly,5,Escolares,Edificio de Rectoria,t,3,SIIGA,condimentum neque sapien placerat ante nulla justo aliquam quis turpis eget elit sodales scelerisque mauris sit amet eros suspendisse accumsan tortor quis turpis sed ante vivamus tortor duis mattis egestas,pede ac diam cras pellentesque volutpat dui maecenas tristique est,in tempus sit amet sem fusce consequat nulla nisl nunc nisl duis bibendum,2026-01-11 06:21:26,18,Jayme Jorez,Regular,Giustino Ferretti,f,t,t,2025-02-02 18:28:53,2025-10-15 16:12:01,2025-04-27 02:30:39
97,4,Cancelada,00097-28/2026,83,Ilysa Mourbey,6,Deportes,Laboratorio 7C Idiomas,f,4,Dictamen Tecnico,dolor sit amet consectetuer adipiscing elit proin interdum mauris non ligula pellentesque,elit proin interdum mauris non ligula pellentesque,dapibus nulla suscipit ligula in lacus curabitur at ipsum ac tellus semper,2025-12-20 08:10:15,91,Shalne Lilleman,Buena,Xenia Christie,f,f,t,2025-09-18 00:48:21,2026-01-25 04:44:21,2025-05-02 11:41:18
98,1,Desconocido,00098-77/2026,87,Mada Minor,1,Finanzas,Edificio de Rectoria,t,2,Publicacion Web,justo lacinia eget tincidunt eget tempus vel pede morbi porttitor lorem id ligula suspendisse ornare consequat lectus in est risus auctor,curabitur at ipsum ac tellus semper interdum mauris ullamcorper purus sit amet nulla,morbi sem mauris laoreet ut rhoncus aliquet pulvinar sed nisl nunc rhoncus,2025-03-24 22:06:35,61,Killy Igoe,Muy Mala,Jemima Cardinale,t,t,t,2025-04-24 12:25:45,2025-12-01 14:44:06,2025-12-21 16:55:24
99,1,Desconocido,00099-67/2026,20,Robinetta Barbosa,6,Deportes,Laboratorio 7C Idiomas,t,3,SIIGA,phasellus id sapien in sapien iaculis congue vivamus metus arcu adipiscing molestie hendrerit at vulputate vitae nisl,blandit mi in porttitor pede justo eu massa donec dapibus duis,iaculis diam erat fermentum justo nec condimentum neque sapien placerat ante,2025-11-11 04:22:39,93,Deb Fackrell,Regular,Blanch Shatliffe,f,f,f,2025-10-17 22:33:09,2025-04-07 11:01:02,2025-12-11 07:16:23
100,5,En espera de conformidad,000100-36/2026,36,Bondon Conaboy,6,Deportes,Laboratorio 7C Idiomas,f,1,Soporte,at nunc commodo placerat praesent blandit nam nulla integer pede justo lacinia eget tincidunt eget tempus vel pede morbi porttitor lorem id ligula suspendisse ornare consequat lectus in est,feugiat non pretium quis lectus,a nibh in quis justo maecenas rhoncus aliquam lacus morbi quis,2025-06-21 17:26:02,71,Lorant Giorgioni,Buena,Yankee Vaughan,f,f,f,2025-02-22 18:49:35,2025-10-17 10:10:12,2025-09-19 21:45:20
102,1,Desconocido,000102-52/2026,76,Cecil Scourge,3,Recursos Humanos,Edificio de Rectoria,t,4,Dictamen Tecnico,maecenas pulvinar lobortis est phasellus sit amet erat nulla tempus vivamus in felis,amet cursus id turpis integer,tortor quis turpis sed ante vivamus tortor duis mattis egestas,2025-02-09 16:33:35,30,Guthrey Grinter,Mala,Shanie Hebburn,t,f,t,2026-01-30 02:53:24,2026-01-10 17:59:47,2025-07-30 10:20:55
103,4,Cancelada,000103-52/2026,89,Roi Martusov,5,Escolares,Edificio de Rectoria,f,3,SIIGA,orci luctus et ultrices posuere cubilia curae duis faucibus accumsan odio curabitur convallis duis consequat,sapien in sapien iaculis congue vivamus metus arcu,nisl aenean lectus pellentesque eget nunc donec quis orci eget orci vehicula,2025-08-23 10:09:56,72,Caroline Caldes,Buena,Gwenora Owttrim,t,f,t,2025-04-28 13:10:13,2025-05-03 11:14:51,2025-11-13 04:47:27
107,4,Cancelada,000107-88/2026,38,Sterne Bycraft,1,Finanzas,Edificio de Rectoria,t,2,Publicacion Web,congue risus semper porta volutpat quam pede lobortis ligula sit amet eleifend pede libero quis orci nullam molestie nibh in lectus pellentesque at nulla suspendisse potenti cras,molestie nibh in lectus pellentesque at nulla suspendisse,odio consequat varius integer ac leo pellentesque ultrices mattis odio donec vitae nisi nam ultrices,2025-07-29 06:27:09,14,Burt Whyler,Muy Mala,Pansy Staten,f,f,f,2025-11-23 00:36:08,2025-08-10 10:51:00,2025-11-30 14:47:57
110,5,En espera de conformidad,000110-4/2026,53,Jori Fair,2,Informatica,Edificio Docente IV planta baja,f,3,SIIGA,porttitor pede justo eu massa donec dapibus duis at velit eu est congue elementum in hac habitasse platea dictumst morbi vestibulum velit,rhoncus aliquet pulvinar sed nisl nunc rhoncus dui vel sem,dui nec nisi volutpat eleifend donec ut dolor morbi vel,2025-02-11 18:50:37,82,Grantham Shurman,Mala,Farrand Roswarne,f,t,t,2026-01-01 01:58:14,2025-09-05 10:44:51,2025-04-29 19:26:21
111,0,Cerrada,000111-97/2026,56,Carmine Iannazzi,1,Finanzas,Edificio de Rectoria,t,1,Soporte,vel sem sed sagittis nam congue risus semper porta volutpat quam pede lobortis ligula sit,posuere metus vitae ipsum aliquam,metus arcu adipiscing molestie hendrerit at vulputate vitae nisl aenean lectus pellentesque eget nunc,2025-04-11 17:14:44,57,Ric Tregensoe,Regular,Colman Adolfson,t,t,t,2025-11-24 03:21:29,2026-01-28 11:35:52,2025-02-25 07:18:42
112,0,Cerrada,000112-84/2026,28,Vanda Dudgeon,2,Informatica,Edificio Docente IV planta baja,f,1,Soporte,nunc proin at turpis a pede posuere nonummy integer non velit donec diam neque vestibulum eget vulputate ut,lorem id ligula suspendisse ornare consequat lectus in est risus,semper interdum mauris ullamcorper purus sit amet nulla quisque arcu,2025-10-14 08:34:42,52,Desiri Halpen,Regular,Alanna Bony,t,t,f,2025-04-14 16:36:51,2025-12-18 23:02:25,2026-01-09 11:22:56
108,3,Aceptada,000108-94/2026,84,Fredek Buyers,6,Deportes,Laboratorio 7C Idiomas,f,2,Publicacion Web,id sapien in sapien iaculis congue vivamus metus arcu adipiscing molestie hendrerit at vulputate vitae nisl aenean lectus,turpis donec posuere metus vitae,vitae consectetuer eget rutrum at lorem integer tincidunt ante vel ipsum,2025-12-28 10:59:32,83,,Muy Mala,Wenonah Reignard,f,f,f,2025-05-20 21:10:55,2025-10-14 01:33:20,2025-03-11 14:13:45
113,0,Cerrada,000113-62/2026,41,Carolee Huxley,5,Escolares,Edificio de Rectoria,f,1,Soporte,non mauris morbi non lectus aliquam sit amet diam in,suscipit nulla elit ac nulla sed vel enim sit amet nunc viverra dapibus,risus semper porta volutpat quam pede lobortis ligula sit amet eleifend pede libero,2025-09-17 23:09:42,89,Renate Dray,Regular,Jim Cochran,t,f,t,2025-02-03 01:35:54,2025-03-09 07:53:22,2025-05-18 22:30:16
115,4,Cancelada,000115-38/2026,55,Erhart Coase,5,Escolares,Edificio de Rectoria,t,2,Publicacion Web,odio cras mi pede malesuada in imperdiet et commodo vulputate justo in blandit ultrices enim lorem,suspendisse potenti in eleifend quam a odio in hac habitasse platea dictumst maecenas,fusce posuere felis sed lacus morbi sem mauris laoreet ut rhoncus aliquet,2025-02-27 20:38:53,92,Donica Fieller,Muy Mala,Burch Kirkam,t,f,f,2025-09-25 03:04:24,2025-05-14 18:50:30,2025-03-17 19:56:51
116,1,Desconocido,000116-11/2026,48,Maia Covell,3,Recursos Humanos,Edificio de Rectoria,t,4,Dictamen Tecnico,velit donec diam neque vestibulum eget vulputate ut ultrices vel augue vestibulum ante ipsum primis in faucibus,maecenas rhoncus aliquam lacus morbi quis tortor id nulla ultrices aliquet maecenas,vestibulum proin eu mi nulla ac enim in tempor turpis nec euismod scelerisque quam turpis,2025-12-26 21:05:58,38,Tally Kull,Buena,Gayelord Hexam,t,t,t,2025-10-22 14:08:43,2025-11-08 05:35:33,2025-09-11 03:49:51
118,5,En espera de conformidad,000118-49/2026,34,Eliot Reyson,4,Planeacion,Edificio de Rectoria,t,3,SIIGA,lacus morbi quis tortor id nulla ultrices aliquet maecenas leo odio condimentum id luctus nec,in faucibus orci luctus et,nibh ligula nec sem duis aliquam convallis nunc proin at turpis a pede,2025-12-16 00:47:32,62,Helga Cannon,Buena,Andie Dominelli,f,t,f,2025-02-28 10:50:32,2026-01-25 10:23:34,2025-04-22 05:42:54
119,1,Desconocido,000119-91/2026,80,Nina Agneau,3,Recursos Humanos,Edificio de Rectoria,t,2,Publicacion Web,duis bibendum morbi non quam nec dui luctus rutrum nulla tellus in sagittis dui vel nisl duis ac nibh fusce lacus purus aliquet at,dapibus duis at velit eu est,nunc proin at turpis a pede posuere nonummy integer non velit donec diam neque vestibulum,2025-10-01 01:19:00,18,Judd Dietsche,Regular,Trumann Mattusevich,f,t,f,2026-01-25 12:47:53,2025-02-27 16:00:14,2025-10-17 13:11:59
120,1,Desconocido,000120-52/2026,34,Brent Huller,6,Deportes,Laboratorio 7C Idiomas,t,1,Soporte,neque vestibulum eget vulputate ut ultrices vel augue vestibulum ante ipsum primis in faucibus orci luctus et ultrices posuere cubilia curae,id lobortis convallis tortor risus dapibus,semper rutrum nulla nunc purus phasellus in felis donec semper sapien a libero nam dui,2025-10-01 05:27:23,56,Celina Guidotti,Mala,Leontyne McAlarney,f,f,f,2025-12-04 02:45:16,2025-11-23 11:37:02,2025-04-18 16:38:04
122,5,En espera de conformidad,000122-87/2026,18,Oralia Clive,2,Informatica,Edificio Docente IV planta baja,t,3,SIIGA,justo etiam pretium iaculis justo in hac habitasse platea dictumst,blandit lacinia erat vestibulum sed magna,curabitur convallis duis consequat dui nec nisi volutpat eleifend donec ut dolor,2025-10-09 04:38:01,26,Laughton Sansome,Regular,Corilla Brend,f,f,t,2026-01-25 22:49:43,2025-06-26 02:45:44,2025-05-29 23:16:47
123,4,Cancelada,000123-35/2026,5,Fowler Sertin,3,Recursos Humanos,Edificio de Rectoria,t,3,SIIGA,integer aliquet massa id lobortis convallis tortor risus dapibus augue vel accumsan tellus nisi eu orci mauris lacinia sapien quis libero nullam sit amet turpis elementum ligula vehicula consequat morbi,nulla tempus vivamus in felis eu sapien cursus vestibulum proin eu,ridiculus mus vivamus vestibulum sagittis sapien cum sociis natoque penatibus et magnis dis,2025-03-04 17:15:22,16,Arda Croser,Buena,Phillie Emsden,t,t,f,2025-03-22 09:56:07,2026-01-14 18:35:55,2025-08-09 20:25:58
124,4,Cancelada,000124-47/2026,98,Elwyn Druce,6,Deportes,Laboratorio 7C Idiomas,t,2,Publicacion Web,nisi nam ultrices libero non mattis pulvinar nulla pede ullamcorper augue a suscipit nulla elit ac nulla sed,et ultrices posuere cubilia curae donec pharetra magna vestibulum aliquet ultrices erat tortor sollicitudin mi,dui nec nisi volutpat eleifend donec ut dolor morbi vel lectus in quam fringilla rhoncus,2025-07-18 04:12:31,59,Amargo Feeny,Muy Mala,Travers Bleythin,t,t,t,2025-10-26 17:22:48,2025-04-08 11:06:08,2025-05-08 16:19:00
125,4,Cancelada,000125-83/2026,41,Wheeler Tomaskov,1,Finanzas,Edificio de Rectoria,t,3,SIIGA,purus phasellus in felis donec semper sapien a libero nam dui proin leo odio porttitor id consequat in consequat ut nulla sed accumsan felis ut at dolor,urna ut tellus nulla ut erat,lorem quisque ut erat curabitur gravida nisi at nibh in hac habitasse platea dictumst aliquam,2025-11-26 11:27:45,49,Thorvald Denkel,Regular,Odelinda Anderl,f,t,f,2025-11-03 16:36:27,2025-07-16 17:40:43,2025-07-09 09:51:08
114,3,Aceptada,000114-33/2026,92,Jacobo Sconce,5,Escolares,Edificio de Rectoria,t,4,Dictamen Tecnico,risus auctor sed tristique in tempus sit amet sem fusce consequat nulla nisl nunc nisl duis bibendum felis sed,et magnis dis parturient montes,quis orci eget orci vehicula condimentum curabitur in libero ut,2025-08-11 20:29:40,42,,Regular,Ric Scraggs,f,f,t,2025-12-25 01:38:29,2025-08-21 06:04:56,2025-12-11 02:32:27
117,3,Aceptada,000117-8/2026,14,Gothart Petford,3,Recursos Humanos,Edificio de Rectoria,t,3,SIIGA,ligula sit amet eleifend pede libero quis orci nullam molestie nibh in lectus pellentesque at nulla,ultrices posuere cubilia curae donec pharetra,posuere metus vitae ipsum aliquam non mauris morbi non lectus aliquam sit amet diam in,2025-02-07 03:17:59,97,,Buena,Hunt Dennitts,f,f,f,2025-10-18 19:28:30,2025-11-06 01:26:21,2025-03-01 02:15:57
121,3,Aceptada,000121-65/2026,25,Earle Pashe,2,Informatica,Edificio Docente IV planta baja,f,2,Publicacion Web,nec sem duis aliquam convallis nunc proin at turpis a pede posuere nonummy integer non velit donec diam neque vestibulum eget,nullam sit amet turpis elementum ligula vehicula consequat,non interdum in ante vestibulum ante ipsum primis in faucibus orci,2025-10-06 04:08:47,66,,Buena,Dal Corke,f,t,t,2025-02-17 10:13:42,2025-12-17 08:12:04,2026-01-08 10:17:05
130,4,Cancelada,000130-65/2026,95,Dill Farney,6,Deportes,Laboratorio 7C Idiomas,f,4,Dictamen Tecnico,cum sociis natoque penatibus et magnis dis parturient montes nascetur,ultrices mattis odio donec vitae nisi nam ultrices libero,eu tincidunt in leo maecenas pulvinar lobortis est phasellus sit,2025-05-05 05:25:18,73,Fairfax Siely,Excelente,Stevie Dix,t,t,t,2025-07-21 11:01:54,2025-12-09 19:32:16,2025-09-18 22:24:22
131,1,Desconocido,000131-6/2026,96,Lizzie Elgar,3,Recursos Humanos,Edificio de Rectoria,f,3,SIIGA,posuere cubilia curae nulla dapibus dolor vel est donec odio justo sollicitudin ut suscipit a feugiat et eros vestibulum ac est lacinia nisi venenatis tristique fusce congue diam id ornare,augue luctus tincidunt nulla mollis molestie lorem quisque ut,sem mauris laoreet ut rhoncus aliquet pulvinar sed nisl nunc rhoncus dui vel sem sed,2025-08-05 01:33:38,73,Margy Jillis,Muy Mala,Bennie Stothert,f,t,f,2025-10-14 00:44:17,2025-04-07 16:32:25,2025-02-03 06:56:35
134,1,Desconocido,000134-78/2026,52,Gustave Shipston,5,Escolares,Edificio de Rectoria,t,1,Soporte,cras mi pede malesuada in imperdiet et commodo vulputate justo in blandit ultrices enim lorem ipsum dolor sit amet consectetuer adipiscing elit proin,nisl nunc nisl duis bibendum,dis parturient montes nascetur ridiculus mus etiam vel augue vestibulum rutrum,2025-10-20 04:08:22,33,Christel Haberjam,Muy Mala,Alfy Stubbley,f,t,f,2025-11-13 12:02:17,2025-07-04 15:53:31,2025-07-14 09:09:25
136,5,En espera de conformidad,000136-40/2026,10,Nari Derell,3,Recursos Humanos,Edificio de Rectoria,f,4,Dictamen Tecnico,nulla tempus vivamus in felis eu sapien cursus vestibulum proin eu mi nulla,maecenas rhoncus aliquam lacus morbi quis tortor id nulla ultrices aliquet maecenas leo odio condimentum,proin at turpis a pede posuere nonummy integer non velit donec diam,2025-07-01 16:45:09,86,Keely Ellesworthe,Excelente,Valerye Breadmore,t,f,f,2025-07-27 02:50:59,2026-01-20 01:18:04,2025-03-11 00:17:45
138,0,Cerrada,000138-82/2026,10,Bernardo Bellsham,6,Deportes,Laboratorio 7C Idiomas,t,3,SIIGA,eu tincidunt in leo maecenas pulvinar lobortis est phasellus sit amet erat nulla tempus,in faucibus orci luctus et ultrices posuere cubilia,vulputate ut ultrices vel augue vestibulum ante ipsum primis in,2025-08-03 17:06:28,3,Clywd Kinchington,Buena,Dorian Walter,f,f,f,2025-05-04 17:27:48,2025-11-29 18:07:32,2025-12-03 08:09:16
140,0,Cerrada,000140-45/2026,9,Raymund Beecham,1,Finanzas,Edificio de Rectoria,t,2,Publicacion Web,cubilia curae nulla dapibus dolor vel est donec odio justo sollicitudin ut suscipit a feugiat et eros,non velit donec diam neque vestibulum eget vulputate ut ultrices,morbi vestibulum velit id pretium iaculis diam erat fermentum justo nec condimentum neque,2025-05-20 08:45:00,89,Melisa Bygreaves,Muy Mala,Renard Gonnin,t,f,t,2025-12-25 19:11:52,2026-01-07 23:13:39,2026-01-09 11:26:48
143,4,Cancelada,000143-1/2026,11,Belinda Goosnell,3,Recursos Humanos,Edificio de Rectoria,t,1,Soporte,vestibulum ac est lacinia nisi venenatis tristique fusce congue diam id ornare imperdiet sapien urna pretium nisl,pharetra magna ac consequat metus sapien ut nunc vestibulum ante ipsum primis in,mauris lacinia sapien quis libero nullam sit amet turpis elementum,2025-10-12 16:53:00,83,Marquita McLagan,Buena,Uriah Lepard,f,t,f,2025-08-20 20:56:11,2025-06-09 05:15:25,2025-06-26 22:51:55
144,5,En espera de conformidad,000144-62/2026,23,Hale McKniely,4,Planeacion,Edificio de Rectoria,t,4,Dictamen Tecnico,vivamus tortor duis mattis egestas metus aenean fermentum donec ut mauris eget massa tempor convallis nulla neque libero convallis eget eleifend luctus ultricies eu,commodo vulputate justo in blandit,proin at turpis a pede posuere nonummy integer non velit donec diam,2025-09-08 09:47:15,3,Marti Brendeke,Muy Mala,Lolita Walkowski,f,t,t,2025-08-02 08:37:08,2025-06-09 14:02:32,2025-12-04 00:27:24
129,3,Aceptada,000129-12/2026,24,Jodi Maxted,4,Planeacion,Edificio de Rectoria,f,2,Publicacion Web,lectus vestibulum quam sapien varius ut blandit non interdum in ante vestibulum ante ipsum primis in faucibus orci luctus et ultrices,eget massa tempor convallis nulla neque libero convallis,nec dui luctus rutrum nulla tellus in sagittis dui vel nisl duis ac,2025-05-22 11:18:09,99,,Regular,Kincaid Kemmis,f,f,f,2025-07-28 19:23:43,2026-01-15 02:39:26,2025-07-18 08:06:12
133,3,Aceptada,000133-56/2026,48,Viviyan Rowthorne,2,Informatica,Edificio Docente IV planta baja,t,2,Publicacion Web,at velit vivamus vel nulla eget eros elementum pellentesque quisque porta volutpat erat quisque erat eros viverra eget congue eget semper rutrum nulla,nulla tempus vivamus in felis eu,viverra eget congue eget semper rutrum nulla nunc purus phasellus in felis donec semper,2025-02-26 23:14:59,55,,Mala,Stevy Gorry,t,f,f,2025-11-05 05:08:38,2025-08-17 01:36:21,2025-03-26 04:56:55
141,3,Aceptada,000141-70/2026,70,Robin Mersh,1,Finanzas,Edificio de Rectoria,t,3,SIIGA,egestas metus aenean fermentum donec ut mauris eget massa tempor convallis nulla neque libero convallis eget eleifend luctus ultricies eu nibh quisque id justo sit,pede justo eu massa donec dapibus,suspendisse potenti cras in purus eu magna vulputate luctus cum sociis natoque penatibus et,2025-11-09 09:34:54,74,,Regular,Mike Bissell,t,t,t,2025-08-30 07:33:18,2025-11-21 10:34:17,2025-05-20 04:12:00
142,3,Aceptada,000142-79/2026,90,Christine Dounbare,5,Escolares,Edificio de Rectoria,t,3,SIIGA,sit amet nunc viverra dapibus nulla suscipit ligula in lacus curabitur at ipsum ac tellus semper interdum mauris ullamcorper purus sit amet nulla quisque arcu libero rutrum,nam ultrices libero non mattis pulvinar nulla pede ullamcorper,non pretium quis lectus suspendisse potenti in eleifend quam a,2025-06-17 03:41:40,65,,Regular,Emilio Orford,t,t,t,2025-07-31 08:09:41,2025-04-07 00:14:03,2025-04-07 20:00:21
146,5,En espera de conformidad,000146-76/2026,50,Rubina O' Molan,4,Planeacion,Edificio de Rectoria,t,4,Dictamen Tecnico,curabitur convallis duis consequat dui nec nisi volutpat eleifend donec ut dolor morbi vel lectus in quam fringilla rhoncus mauris enim leo rhoncus sed vestibulum sit amet cursus,porta volutpat quam pede lobortis ligula sit amet eleifend pede,viverra pede ac diam cras pellentesque volutpat dui maecenas tristique,2025-12-09 23:49:52,93,Inge Healy,Excelente,Cherrita Doman,t,f,t,2025-04-12 17:54:56,2025-06-30 22:44:37,2026-01-28 08:40:43
147,1,Desconocido,000147-41/2026,73,Chickie Seaman,1,Finanzas,Edificio de Rectoria,t,4,Dictamen Tecnico,nulla tellus in sagittis dui vel nisl duis ac nibh fusce lacus purus aliquet at feugiat non pretium quis lectus suspendisse potenti in eleifend quam a odio in hac,phasellus id sapien in sapien iaculis congue vivamus,eget congue eget semper rutrum nulla nunc purus phasellus in felis donec,2025-07-04 07:52:55,18,Jammie Korb,Buena,Diandra Bownes,f,f,t,2025-03-07 11:12:57,2025-05-12 04:53:56,2025-10-24 08:35:07
149,4,Cancelada,000149-79/2026,90,Stanislaus Lorenz,6,Deportes,Laboratorio 7C Idiomas,f,2,Publicacion Web,non sodales sed tincidunt eu felis fusce posuere felis sed lacus morbi sem mauris laoreet ut rhoncus aliquet pulvinar sed nisl nunc rhoncus,diam in magna bibendum imperdiet nullam orci,quam pharetra magna ac consequat metus sapien ut nunc vestibulum ante,2025-07-14 22:55:35,75,Myriam Abisetti,Regular,Rochelle Cridlon,f,t,f,2025-11-18 18:17:49,2026-01-12 02:08:12,2025-11-17 19:12:45
150,4,Cancelada,000150-63/2026,34,Alfreda Bummfrey,5,Escolares,Edificio de Rectoria,t,4,Dictamen Tecnico,dui proin leo odio porttitor id consequat in consequat ut nulla sed accumsan felis ut at dolor quis odio consequat,eros viverra eget congue eget semper,sed accumsan felis ut at dolor quis odio consequat varius integer ac leo pellentesque ultrices,2025-11-06 05:16:49,64,Jordain Romeo,Regular,Jacklin Keigher,f,t,f,2025-12-28 09:48:28,2025-10-08 18:02:53,2025-10-04 23:14:02
6,2,Enviado,0006-31/2026,54,Josh Body,4,Planeacion,Edificio de Rectoria,f,1,Soporte,at feugiat non pretium quis lectus suspendisse potenti in eleifend quam a odio in hac habitasse platea dictumst maecenas ut massa quis augue luctus tincidunt nulla mollis,imperdiet nullam orci pede venenatis non sodales sed,vestibulum sed magna at nunc commodo placerat praesent blandit nam nulla integer pede justo,2025-03-08 01:44:11,79,,Buena,Aldon Stoacley,f,f,t,2025-09-20 22:53:04,2025-04-19 17:26:08,2025-12-10 10:09:49
148,1,Desconocido,000148-6/2026,7,Viviyan Saur,3,Recursos Humanos,Edificio de Rectoria,f,3,SIIGA,nam ultrices libero non mattis pulvinar nulla pede ullamcorper augue a suscipit,amet turpis elementum ligula vehicula consequat morbi a ipsum integer a nibh in quis,congue diam id ornare imperdiet sapien urna pretium nisl ut volutpat sapien arcu sed,2025-02-16 19:29:34,2,Georgeanne Darbon,Excelente,Lowe Buckam,f,t,t,2026-01-07 10:06:50,2025-10-09 17:16:02,2025-05-21 07:24:59
13,3,Aceptada,00013-71/2026,48,Gunther Blaase,5,Escolares,Edificio de Rectoria,f,2,Publicacion Web,laoreet ut rhoncus aliquet pulvinar sed nisl nunc rhoncus dui vel sem sed sagittis nam congue risus semper porta volutpat quam pede lobortis ligula sit amet,nulla elit ac nulla sed vel enim sit amet nunc viverra,cubilia curae mauris viverra diam vitae quam suspendisse potenti nullam porttitor,2025-03-26 08:41:51,2,,Excelente,Etta de Lloyd,t,f,f,2026-01-22 19:40:59,2025-08-26 22:31:17,2025-06-10 13:32:43
16,3,Aceptada,00016-86/2026,47,Maribelle Odney,1,Finanzas,Edificio de Rectoria,t,4,Dictamen Tecnico,vivamus vel nulla eget eros elementum pellentesque quisque porta volutpat erat quisque erat eros viverra eget congue eget semper rutrum nulla nunc purus phasellus in,praesent lectus vestibulum quam sapien varius ut blandit non interdum,magna bibendum imperdiet nullam orci pede venenatis non sodales sed tincidunt eu felis,2025-05-22 11:30:40,96,,Buena,Meir Odegaard,t,f,t,2025-09-20 06:59:16,2025-07-22 00:57:56,2025-02-08 18:13:00
23,3,Aceptada,00023-97/2026,73,Jordain Urquhart,4,Planeacion,Edificio de Rectoria,f,1,Soporte,venenatis turpis enim blandit mi in porttitor pede justo eu massa donec dapibus duis at velit,nonummy maecenas tincidunt lacus at velit vivamus vel nulla eget eros elementum pellentesque quisque,elit ac nulla sed vel enim sit amet nunc viverra dapibus nulla suscipit ligula in,2025-04-10 09:07:23,94,,Mala,Jeramey Carlucci,t,t,t,2025-12-29 09:04:03,2025-11-20 12:25:07,2025-12-10 01:07:35
32,3,Aceptada,00032-52/2026,42,Chrysa Cranham,3,Recursos Humanos,Edificio de Rectoria,t,1,Soporte,neque vestibulum eget vulputate ut ultrices vel augue vestibulum ante ipsum primis in faucibus orci luctus et ultrices posuere cubilia curae donec pharetra magna vestibulum aliquet ultrices erat tortor sollicitudin,massa donec dapibus duis at velit eu est congue elementum in hac,nulla ultrices aliquet maecenas leo odio condimentum id luctus nec molestie sed justo pellentesque,2025-04-03 09:18:17,1,,Buena,Dela Lardier,t,f,f,2026-01-29 19:32:38,2025-11-25 01:16:29,2025-10-04 12:06:39
5,3,Aceptada,0005-51/2026,81,Dorris Malin,2,Informatica,Edificio Docente IV planta baja,f,3,SIIGA,proin risus praesent lectus vestibulum quam sapien varius ut blandit non interdum in ante vestibulum ante ipsum primis in faucibus orci luctus et ultrices posuere,sapien cursus vestibulum proin eu,nonummy integer non velit donec diam neque vestibulum eget vulputate ut ultrices vel,2025-10-15 05:11:28,2,,Mala,Torrie Abbatini,t,t,t,2026-01-28 20:32:31,2025-03-10 04:30:48,2025-04-01 08:14:38
46,3,Aceptada,00046-60/2026,21,Sheila Rowney,5,Escolares,Edificio de Rectoria,f,1,Soporte,cras non velit nec nisi vulputate nonummy maecenas tincidunt lacus at velit vivamus vel nulla eget eros elementum pellentesque quisque porta volutpat erat,sit amet eleifend pede libero quis orci nullam molestie nibh in,nunc commodo placerat praesent blandit nam nulla integer pede justo lacinia eget tincidunt eget,2025-05-03 18:54:35,2,,Buena,Linnie Blazej,f,t,t,2025-06-08 02:22:25,2025-03-30 05:18:55,2025-07-08 04:06:44
30,3,Aceptada,00030-73/2026,82,Maurizia Smythe,4,Planeacion,Edificio de Rectoria,t,4,Dictamen Tecnico,justo eu massa donec dapibus duis at velit eu est congue elementum in hac habitasse platea dictumst,amet sapien dignissim vestibulum vestibulum ante ipsum primis in,erat tortor sollicitudin mi sit amet lobortis sapien sapien non mi integer ac,2025-09-15 07:22:51,2,,Mala,Didi Ryman,t,f,f,2025-08-29 15:36:33,2026-01-26 18:52:33,2025-02-27 08:37:03
42,2,Enviado,00042-43/2026,29,Ambrosio Vassar,4,Planeacion,Edificio de Rectoria,f,1,Soporte,vivamus tortor duis mattis egestas metus aenean fermentum donec ut,neque duis bibendum morbi non quam nec dui luctus rutrum nulla tellus in sagittis dui,sit amet justo morbi ut odio cras mi pede malesuada,2025-03-01 09:34:10,11,,Regular,Sara Crake,f,t,f,2025-04-18 19:16:07,2025-03-09 23:50:00,2025-12-05 20:56:39
68,2,Enviado,00068-68/2026,60,Ana MacAskie,4,Planeacion,Edificio de Rectoria,f,1,Soporte,sapien varius ut blandit non interdum in ante vestibulum ante ipsum primis in faucibus orci luctus et ultrices posuere cubilia,ultrices posuere cubilia curae donec pharetra,non velit nec nisi vulputate nonummy maecenas tincidunt lacus at velit vivamus vel nulla,2025-07-07 17:34:19,61,,Muy Mala,Brook Jodkowski,t,t,t,2025-08-05 22:09:55,2025-02-26 16:18:32,2025-09-15 09:40:40
77,2,Enviado,00077-66/2026,81,Brok O' Bee,4,Planeacion,Edificio de Rectoria,t,2,Publicacion Web,varius ut blandit non interdum in ante vestibulum ante ipsum primis in faucibus orci luctus et ultrices posuere cubilia curae duis faucibus accumsan,diam cras pellentesque volutpat dui maecenas tristique est et tempus,in hac habitasse platea dictumst maecenas ut massa quis augue luctus tincidunt nulla,2025-09-03 14:23:54,60,,Muy Mala,Christoph Dunbobbin,f,f,t,2025-05-18 17:23:35,2025-12-01 18:04:45,2025-04-05 03:20:22
78,2,Enviado,00078-22/2026,89,Claresta Bunkle,3,Recursos Humanos,Edificio de Rectoria,f,1,Soporte,quam a odio in hac habitasse platea dictumst maecenas ut massa quis augue luctus tincidunt nulla mollis molestie lorem quisque ut erat curabitur gravida nisi at nibh in hac,vestibulum proin eu mi nulla ac enim in tempor,ut at dolor quis odio consequat varius integer ac leo pellentesque ultrices mattis,2025-05-22 17:02:43,62,,Regular,Beaufort Woollcott,f,f,f,2025-07-01 17:08:07,2025-06-01 18:32:50,2025-12-11 12:20:05
87,2,Enviado,00087-47/2026,67,Hermione Blakeman,1,Finanzas,Edificio de Rectoria,f,4,Dictamen Tecnico,justo etiam pretium iaculis justo in hac habitasse platea dictumst etiam faucibus cursus urna ut tellus nulla ut erat id mauris vulputate elementum nullam varius nulla,orci luctus et ultrices posuere cubilia curae duis faucibus accumsan,leo odio porttitor id consequat in consequat ut nulla sed accumsan felis ut at,2025-05-05 22:00:00,70,,Mala,Davita Murgatroyd,f,f,t,2025-06-21 18:58:03,2025-12-20 06:35:02,2025-05-20 12:35:09
88,2,Enviado,00088-76/2026,96,Emmerich Klug,1,Finanzas,Edificio de Rectoria,f,4,Dictamen Tecnico,lacus at velit vivamus vel nulla eget eros elementum pellentesque quisque,leo odio condimentum id luctus nec molestie sed justo pellentesque viverra,mattis egestas metus aenean fermentum donec ut mauris eget massa tempor convallis nulla,2025-06-24 03:18:27,12,,Regular,Judah Marieton,f,f,f,2025-05-14 19:58:54,2025-11-22 01:42:04,2025-07-03 05:57:04
101,2,Enviado,000101-36/2026,90,Phil Brogini,5,Escolares,Edificio de Rectoria,t,3,SIIGA,pellentesque eget nunc donec quis orci eget orci vehicula condimentum curabitur in libero,vel accumsan tellus nisi eu orci mauris lacinia sapien quis,maecenas tincidunt lacus at velit vivamus vel nulla eget eros elementum,2025-08-20 15:51:34,95,,Excelente,Chrisse Bettaney,f,t,f,2025-05-30 11:26:35,2025-03-26 09:05:09,2025-09-12 18:07:56
104,2,Enviado,000104-0/2026,89,Juliane Baseke,4,Planeacion,Edificio de Rectoria,t,3,SIIGA,lorem integer tincidunt ante vel ipsum praesent blandit lacinia erat vestibulum sed magna at nunc commodo placerat praesent blandit nam nulla,turpis nec euismod scelerisque quam turpis,aenean auctor gravida sem praesent id massa id nisl venenatis lacinia aenean sit,2025-09-09 16:27:18,15,,Regular,Thor Zellick,f,t,t,2025-06-23 06:51:41,2025-07-25 01:51:04,2025-06-27 03:13:09
47,3,Aceptada,00047-25/2026,52,Jacob Ennever,1,Finanzas,Edificio de Rectoria,t,1,Soporte,magna vestibulum aliquet ultrices erat tortor sollicitudin mi sit amet lobortis sapien sapien non mi integer ac neque duis bibendum morbi,etiam pretium iaculis justo in hac habitasse platea,mattis odio donec vitae nisi nam ultrices libero non mattis pulvinar nulla pede ullamcorper augue,2025-07-07 08:43:37,60,,Excelente,Caroline Fesby,f,t,t,2025-07-03 07:10:05,2026-01-31 03:45:28,2025-06-30 10:22:01
54,3,Aceptada,00054-69/2026,17,Arny Kardos,5,Escolares,Edificio de Rectoria,t,3,SIIGA,penatibus et magnis dis parturient montes nascetur ridiculus mus vivamus vestibulum sagittis sapien cum sociis natoque penatibus et magnis dis parturient montes,mollis molestie lorem quisque ut erat curabitur gravida nisi at nibh in hac habitasse platea,duis bibendum morbi non quam nec dui luctus rutrum nulla tellus in sagittis dui vel,2025-06-04 11:44:22,86,,Regular,Seumas Frede,t,f,f,2025-08-05 14:11:21,2025-07-29 12:13:22,2025-05-07 02:22:12
73,3,Aceptada,00073-11/2026,18,Cristal Anfrey,3,Recursos Humanos,Edificio de Rectoria,f,4,Dictamen Tecnico,est donec odio justo sollicitudin ut suscipit a feugiat et eros vestibulum ac est lacinia nisi venenatis,sit amet erat nulla tempus vivamus in felis eu sapien cursus vestibulum,sed augue aliquam erat volutpat in congue etiam justo etiam pretium iaculis,2025-12-25 03:30:59,100,,Muy Mala,Ware Bilbrooke,t,f,f,2025-03-04 07:37:26,2025-03-12 03:41:19,2025-11-02 03:34:18
75,3,Aceptada,00075-18/2026,17,Zoe Flukes,2,Informatica,Edificio Docente IV planta baja,f,3,SIIGA,quisque ut erat curabitur gravida nisi at nibh in hac habitasse platea dictumst aliquam augue quam sollicitudin vitae consectetuer eget rutrum,ac lobortis vel dapibus at diam,primis in faucibus orci luctus et ultrices posuere cubilia curae nulla,2025-10-16 09:55:17,70,,Regular,Jim Tumioto,t,t,t,2025-08-15 04:58:44,2025-03-21 12:16:13,2025-08-02 19:26:46
79,3,Aceptada,00079-14/2026,93,Tanny McGorley,3,Recursos Humanos,Edificio de Rectoria,t,4,Dictamen Tecnico,mi nulla ac enim in tempor turpis nec euismod scelerisque quam turpis adipiscing lorem vitae mattis nibh ligula nec sem duis aliquam convallis,et magnis dis parturient montes nascetur ridiculus mus vivamus vestibulum sagittis sapien cum sociis natoque,quis turpis sed ante vivamus tortor duis mattis egestas metus aenean fermentum donec ut,2025-11-22 04:59:03,94,,Mala,Marji Bladon,t,f,f,2025-04-30 19:30:23,2025-08-01 14:01:27,2025-07-14 09:07:26
128,3,Aceptada,000128-68/2026,71,Jilli Reedie,3,Recursos Humanos,Edificio de Rectoria,f,4,Dictamen Tecnico,ac nibh fusce lacus purus aliquet at feugiat non pretium quis lectus suspendisse potenti in eleifend quam a odio in hac habitasse platea dictumst maecenas ut massa,eu est congue elementum in hac habitasse platea dictumst morbi vestibulum velit,vestibulum velit id pretium iaculis diam erat fermentum justo nec,2025-07-31 22:55:33,68,,Mala,Kaila Fivey,t,t,t,2025-09-02 05:07:33,2025-03-23 04:46:28,2025-06-20 10:11:43
145,3,Aceptada,000145-36/2026,66,Sianna Stallan,1,Finanzas,Edificio de Rectoria,t,2,Publicacion Web,quisque erat eros viverra eget congue eget semper rutrum nulla nunc purus phasellus in felis donec semper sapien a libero nam dui proin leo odio porttitor id consequat in,quam nec dui luctus rutrum nulla,porttitor pede justo eu massa donec dapibus duis at velit eu,2025-05-06 10:14:57,2,,Regular,Abram Lismore,t,t,f,2025-02-09 04:45:40,2025-03-10 13:34:55,2025-06-30 09:53:23
60,3,Aceptada,00060-51/2026,77,Adolf Hinchshaw,3,Recursos Humanos,Edificio de Rectoria,t,3,SIIGA,platea dictumst maecenas ut massa quis augue luctus tincidunt nulla mollis molestie lorem quisque ut,in magna bibendum imperdiet nullam,at turpis a pede posuere nonummy integer non velit donec diam neque vestibulum eget,2025-10-12 13:52:32,2,,Excelente,Durward Demann,t,f,f,2025-09-04 16:39:23,2025-02-23 21:11:08,2025-06-09 20:20:21
105,2,Enviado,000105-92/2026,43,Jandy Orsay,5,Escolares,Edificio de Rectoria,t,3,SIIGA,consequat morbi a ipsum integer a nibh in quis justo maecenas rhoncus aliquam lacus morbi quis tortor id nulla ultrices aliquet maecenas leo odio condimentum id,primis in faucibus orci luctus et ultrices posuere,ut erat id mauris vulputate elementum nullam varius nulla facilisi cras,2025-11-02 12:49:14,37,,Regular,Merrili Gammett,t,f,t,2025-03-06 09:46:29,2025-03-03 10:57:22,2025-09-01 05:01:51
106,2,Enviado,000106-95/2026,87,Kylynn Macci,1,Finanzas,Edificio de Rectoria,f,2,Publicacion Web,sapien sapien non mi integer ac neque duis bibendum morbi non quam,lacinia eget tincidunt eget tempus vel pede,nec molestie sed justo pellentesque viverra pede ac diam cras,2025-06-09 11:14:52,87,,Excelente,Barbee Struthers,f,f,f,2025-08-07 23:58:10,2025-07-10 20:00:56,2025-02-14 20:00:31
109,2,Enviado,000109-61/2026,99,Wallis Epsley,1,Finanzas,Edificio de Rectoria,f,1,Soporte,aliquam non mauris morbi non lectus aliquam sit amet diam in magna bibendum imperdiet nullam orci pede venenatis non sodales sed tincidunt eu felis fusce,sit amet consectetuer adipiscing elit proin,volutpat quam pede lobortis ligula sit amet eleifend pede libero,2025-11-16 12:40:00,25,,Muy Mala,Walt Schwanden,t,f,f,2025-11-23 04:13:07,2025-04-26 20:27:05,2025-02-12 19:36:31
126,2,Enviado,000126-3/2026,38,Felike Tither,4,Planeacion,Edificio de Rectoria,f,4,Dictamen Tecnico,molestie sed justo pellentesque viverra pede ac diam cras pellentesque volutpat dui maecenas tristique est et tempus,ac leo pellentesque ultrices mattis odio donec vitae nisi nam ultrices libero non mattis,vel accumsan tellus nisi eu orci mauris lacinia sapien quis libero,2025-08-25 03:36:38,48,,Mala,Charles Dowdle,f,f,f,2025-04-01 16:38:25,2025-09-18 12:00:40,2025-04-18 12:09:51
127,2,Enviado,000127-59/2026,8,Elka Giroldi,4,Planeacion,Edificio de Rectoria,t,4,Dictamen Tecnico,laoreet ut rhoncus aliquet pulvinar sed nisl nunc rhoncus dui vel sem sed sagittis nam congue risus semper porta volutpat,luctus rutrum nulla tellus in sagittis dui vel nisl duis ac nibh fusce lacus purus,diam neque vestibulum eget vulputate ut ultrices vel augue vestibulum ante ipsum primis in faucibus,2025-11-03 03:16:41,7,,Regular,Pippo Dorcey,f,f,t,2025-05-25 14:43:45,2025-05-18 23:10:58,2025-03-18 20:13:33
132,2,Enviado,000132-59/2026,41,Florian Durbin,2,Informatica,Edificio Docente IV planta baja,f,1,Soporte,leo odio condimentum id luctus nec molestie sed justo pellentesque viverra pede ac diam cras pellentesque volutpat dui maecenas tristique est et tempus semper est,curabitur gravida nisi at nibh in hac habitasse platea dictumst aliquam augue quam sollicitudin vitae,et ultrices posuere cubilia curae nulla dapibus dolor vel est donec,2025-06-15 16:32:17,100,,Excelente,Elga Joules,f,t,t,2025-05-18 00:31:27,2025-12-02 20:10:21,2026-01-08 10:31:27
135,2,Enviado,000135-59/2026,28,Lazaro Mabb,4,Planeacion,Edificio de Rectoria,f,1,Soporte,iaculis diam erat fermentum justo nec condimentum neque sapien placerat ante nulla justo aliquam quis turpis eget elit sodales scelerisque mauris sit amet eros suspendisse accumsan tortor quis turpis,sit amet turpis elementum ligula vehicula consequat morbi a ipsum integer a nibh,blandit nam nulla integer pede justo lacinia eget tincidunt eget tempus vel pede,2025-03-07 23:56:33,19,,Mala,Ozzy Joule,t,f,f,2025-06-22 21:54:09,2025-05-16 11:24:24,2025-08-31 10:01:17
137,2,Enviado,000137-73/2026,4,Candie Tather,1,Finanzas,Edificio de Rectoria,t,2,Publicacion Web,diam cras pellentesque volutpat dui maecenas tristique est et tempus semper est quam pharetra magna ac consequat metus sapien ut nunc vestibulum ante ipsum,justo sollicitudin ut suscipit a feugiat et eros vestibulum ac,viverra pede ac diam cras pellentesque volutpat dui maecenas tristique est et tempus semper,2025-04-21 12:07:06,32,,Mala,Rosy Kellert,f,t,t,2025-09-02 23:10:32,2025-09-20 05:27:43,2025-05-12 21:29:01
139,2,Enviado,000139-63/2026,44,Wiatt Labuschagne,3,Recursos Humanos,Edificio de Rectoria,f,2,Publicacion Web,nulla ut erat id mauris vulputate elementum nullam varius nulla facilisi cras non velit nec,nulla quisque arcu libero rutrum ac lobortis vel,vivamus tortor duis mattis egestas metus aenean fermentum donec ut mauris eget massa tempor,2025-09-24 11:31:18,57,,Regular,Ollie Renvoys,f,f,f,2025-09-22 06:28:01,2025-09-23 15:23:55,2025-07-03 19:25:35
